{
  "Delete - Todo" : {
    "transaction" : "Delete - Todo",
    "sampleCount" : 14515,
    "errorCount" : 0,
    "errorPct" : 0.0,
    "meanResTime" : 1.1987599035480556,
    "medianResTime" : 1.0,
    "minResTime" : 0.0,
    "maxResTime" : 20.0,
    "pct1ResTime" : 2.0,
    "pct2ResTime" : 2.0,
    "pct3ResTime" : 7.0,
    "throughput" : 127.6548964425487,
    "receivedKBytesPerSec" : 23.810630098170705,
    "sentKBytesPerSec" : 22.56400025009894
  },
  "Delete - Note" : {
    "transaction" : "Delete - Note",
    "sampleCount" : 14437,
    "errorCount" : 0,
    "errorPct" : 0.0,
    "meanResTime" : 1.2556625337674063,
    "medianResTime" : 1.0,
    "minResTime" : 0.0,
    "maxResTime" : 29.0,
    "pct1ResTime" : 2.0,
    "pct2ResTime" : 2.0,
    "pct3ResTime" : 9.0,
    "throughput" : 126.96109469537076,
    "receivedKBytesPerSec" : 23.68121981134357,
    "sentKBytesPerSec" : 22.44136537095909
  },
  "Total" : {
    "transaction" : "Total",
    "sampleCount" : 121001,
    "errorCount" : 0,
    "errorPct" : 0.0,
    "meanResTime" : 1.4322774191948813,
    "medianResTime" : 1.0,
    "minResTime" : 0.0,
    "maxResTime" : 125.0,
    "pct1ResTime" : 3.900000000001455,
    "pct2ResTime" : 7.0,
    "pct3ResTime" : 16.0,
    "throughput" : 1013.4341733879411,
    "receivedKBytesPerSec" : 270.3602856960392,
    "sentKBytesPerSec" : 191.07477476663985
  },
  "Read - Note" : {
    "transaction" : "Read - Note",
    "sampleCount" : 15747,
    "errorCount" : 0,
    "errorPct" : 0.0,
    "meanResTime" : 0.8911538705785234,
    "medianResTime" : 1.0,
    "minResTime" : 0.0,
    "maxResTime" : 21.0,
    "pct1ResTime" : 1.0,
    "pct2ResTime" : 2.0,
    "pct3ResTime" : 3.0,
    "throughput" : 134.17803491849796,
    "receivedKBytesPerSec" : 40.48927030255456,
    "sentKBytesPerSec" : 20.834284718790208
  },
  "Create - Todo" : {
    "transaction" : "Create - Todo",
    "sampleCount" : 15191,
    "errorCount" : 0,
    "errorPct" : 0.0,
    "meanResTime" : 0.9859785399249575,
    "medianResTime" : 1.0,
    "minResTime" : 0.0,
    "maxResTime" : 22.0,
    "pct1ResTime" : 1.0,
    "pct2ResTime" : 2.0,
    "pct3ResTime" : 6.0,
    "throughput" : 129.4194823561485,
    "receivedKBytesPerSec" : 36.525615625905196,
    "sentKBytesPerSec" : 30.838236030176013
  },
  "Update - Todo" : {
    "transaction" : "Update - Todo",
    "sampleCount" : 14905,
    "errorCount" : 0,
    "errorPct" : 0.0,
    "meanResTime" : 1.4710499832271065,
    "medianResTime" : 1.0,
    "minResTime" : 0.0,
    "maxResTime" : 30.0,
    "pct1ResTime" : 2.0,
    "pct2ResTime" : 4.0,
    "pct3ResTime" : 13.0,
    "throughput" : 127.39207357202076,
    "receivedKBytesPerSec" : 35.82902069213083,
    "sentKBytesPerSec" : 25.25448333507833
  },
  "Update - Note" : {
    "transaction" : "Update - Note",
    "sampleCount" : 15269,
    "errorCount" : 0,
    "errorPct" : 0.0,
    "meanResTime" : 1.7079703975374907,
    "medianResTime" : 1.0,
    "minResTime" : 0.0,
    "maxResTime" : 56.0,
    "pct1ResTime" : 3.0,
    "pct2ResTime" : 6.0,
    "pct3ResTime" : 15.0,
    "throughput" : 130.09397711491107,
    "receivedKBytesPerSec" : 39.00278415456807,
    "sentKBytesPerSec" : 26.679428900518875
  },
  "Read - Todo" : {
    "transaction" : "Read - Todo",
    "sampleCount" : 15116,
    "errorCount" : 0,
    "errorPct" : 0.0,
    "meanResTime" : 0.8742392167239995,
    "medianResTime" : 1.0,
    "minResTime" : 0.0,
    "maxResTime" : 17.0,
    "pct1ResTime" : 1.0,
    "pct2ResTime" : 2.0,
    "pct3ResTime" : 3.0,
    "throughput" : 128.76735667433343,
    "receivedKBytesPerSec" : 36.34156843640855,
    "sentKBytesPerSec" : 19.994150108612317
  },
  "Create - Note" : {
    "transaction" : "Create - Note",
    "sampleCount" : 15821,
    "errorCount" : 0,
    "errorPct" : 0.0,
    "meanResTime" : 3.0053726060299524,
    "medianResTime" : 1.0,
    "minResTime" : 0.0,
    "maxResTime" : 125.0,
    "pct1ResTime" : 2.0,
    "pct2ResTime" : 3.0,
    "pct3ResTime" : 82.0,
    "throughput" : 134.6674384160978,
    "receivedKBytesPerSec" : 40.89997397207657,
    "sentKBytesPerSec" : 27.22281225794164
  }
}